<?xml version="1.0" encoding="UTF-8"?>
<project-private xmlns="http://www.netbeans.org/ns/project-private/1">
    <editor-bookmarks xmlns="http://www.netbeans.org/ns/editor-bookmarks/2" lastBookmarkId="0"/>
    <open-files xmlns="http://www.netbeans.org/ns/projectui-open-files/2">
        <group>
            <file>file:/C:/Users/joao.pmlima10/Documents/NetBeansProjects/JavaApplication21/src/javaapplication21/Cadastrar.java</file>
            <file>file:/C:/Users/joao.pmlima10/Documents/NetBeansProjects/JavaApplication21/src/javaapplication21/JavaApplication21.java</file>
            <file>file:/C:/Users/joao.pmlima10/Documents/NetBeansProjects/JavaApplication21/src/javaapplication21/Senha.java</file>
            <file>file:/C:/Users/joao.pmlima10/Documents/NetBeansProjects/JavaApplication21/src/javaapplication21/Login.java</file>
            <file>file:/C:/Users/joao.pmlima10/Documents/NetBeansProjects/JavaApplication21/src/javaapplication21/Ticket.java</file>
        </group>
    </open-files>
</project-private>
